<?xml version="1.0" encoding="UTF-8"?>
<!DOCTYPE mapper PUBLIC "-//mybatis.org//DTD Mapper 3.0//EN"
  "http://mybatis.org/dtd/mybatis-3-mapper.dtd">
<mapper
  namespace="com.ssafy.pathpartner.attraction.repository.AttractionDao">

  <select id="selectAttraction" parameterType="AttractionInfoDto" resultType="AttractionInfoDto">
    select *
    from attraction_info
    where content_id = #{contentId}
  </select>

  <select id="selectAllAttraction" resultType="AttractionInfoDto">
    SELECT *
    FROM attraction_info ai
    join attraction_description ad on ai.content_id = ad.content_id
    <where>
      <if test="sidoCode != null and sidoCode != ''">
        AND sido_code = #{sidoCode}
      </if>
      <if test="sigunguCode != null and sigunguCode != ''">
        AND gugun_code = #{sigunguCode}
      </if>
      <if test="contentType != null and contentType.length > 0">
        AND content_type_id IN
        <foreach item="typeId" collection="array" open="("
          separator="," close=")">
          #{typeId}
        </foreach>
      </if>
    </where>
  </select>

</mapper>