<?xml version="1.0" encoding="UTF-8" ?>
<!DOCTYPE mapper PUBLIC "-//mybatis.org//DTD Mapper 3.0//EN"
  "http://mybatis.org/dtd/mybatis-3-mapper.dtd">
<mapper namespace="com.ssafy.pathpartner.reviewarticle.repository.CommentDao">

  <insert id="insertComment" parameterType="CommentDto">
    insert into comment(comment_id, content, creation_date, uuid, review_article_id)
    values (UUID(), #{content}, now(), #{uuid}, #{reviewArticleId})
  </insert>

  <delete id="deleteComment" parameterType="String">
    delete
    from comment
    where comment_id = #{commentId}
  </delete>

  <update id="updateComment" parameterType="CommentDto">
    update comment
    set content = #{content}
    where comment_id = #{commentId}
  </update>

  <select id="countTotalCommentCount" resultType="int">
    select count(*)
    from comment
    where review_article_id = #{reviewArticleId}
  </select>

  <select id="selectComment" parameterType="String" resultType="CommentDto">
    select comment_id, content, creation_date, uuid, review_article_id
    from comment
    where comment_id = #{commentId}
  </select>

  <select id="selectAllComment" parameterType="String" resultType="CommentDto">
    select comment_id, content, creation_date, uuid
    from comment
    where review_article_id = #{reviewArticleId}
  </select>








</mapper>