<?xml version="1.0" encoding="UTF-8" ?> <!-- 관통용  -->
<!DOCTYPE mapper PUBLIC "-//mybatis.org//DTD Mapper 3.0//EN"
  "http://mybatis.org/dtd/mybatis-3-mapper.dtd">
<mapper namespace="com.ssafy.pathpartner.travelgroup.repository.TravelGroupDao">
  <insert id="createTravelGroup" parameterType="travelGroupDto">
    insert into travel_group (group_id, group_name, creation_date, uuid, group_master)
    values (UUID(), #{groupName}, now(), #{uuid}, true)
  </insert>

  <insert id="createTravelGroupMember" parameterType="travelGroupDto">
    insert into travel_group (group_id, group_name, creation_date, uuid, group_master)
    values (#{groupId}, #{groupName}, #{creationDate}, #{uuid}, false)
  </insert>

  <delete id="deleteTravelGroup" parameterType="String">
    delete
    from travel_group
    where group_id = #{groupId}
  </delete>

  <delete id="deleteTravelGroupMember" parameterType="String">
    delete
    from travel_group
    where group_id = #{groupId}
      and uuid = #{uuid}
  </delete>

  <select id="isGroupMember" parameterType="String" resultType="boolean">
    select count(*)
    from travel_group
    where group_id = #{groupId}
      and uuid = #{uuid}
  </select>

  <select id="isGroupMaster" parameterType="String" resultType="boolean">
    select group_master
    from travel_group
    where group_id = #{groupId}
      and uuid = #{uuid}
  </select>

  <select id="selectAllMyGroupId" parameterType="String" resultType="String">
    select group_id
    from travel_group
    where uuid = #{uuid}
  </select>

  <select id="selectAllMyGroup" parameterType="String" resultType="TravelGroupDto">
    select group_id, group_name, creation_date, uuid, group_master
    from travel_group
    where uuid = #{uuid}
  </select>


  <select id="selectAllGroupMember" parameterType="String" resultType="GroupMemberDto">
    select g.group_id, g.group_name, g.uuid, g.group_master, u.email, u.nickname, u.profile_img
    from travel_group as g
           join user as u
                on g.uuid = u.uuid
    where group_id = #{groupId}
  </select>

  <select id="countGroupMember" parameterType="String" resultType="int">
    select count(*)
    from travel_group
    where group_id = #{groupId}
  </select>

  <select id="selectGroup" parameterType="String" resultType="TravelGroupDto">
    select group_id, group_name, creation_date
    from travel_group
    where group_id = #{groupId}
      and group_master = true
  </select>

  <delete id="kickGroupMember" parameterType="map">
    delete
    from travel_group
    where group_id = #{groupId}
      and uuid = #{uuid}
  </delete>
</mapper>