<?xml version="1.0" encoding="UTF-8" ?> <!-- 관통용  -->
<!DOCTYPE mapper PUBLIC "-//mybatis.org//DTD Mapper 3.0//EN"
  "http://mybatis.org/dtd/mybatis-3-mapper.dtd">
<mapper namespace="com.ssafy.pathpartner.user.repository.UserDao">

  <insert id="insertUser" parameterType="userDto">
    insert into user (uuid, id, nickname, password, user_type, join_date, email,profile_img)
    values (UUID(), #{id}, #{nickname}, #{password}, #{userType}, now(), #{email},#{profileImg})
  </insert>

  <update id="updateUser" parameterType="UpdateUserDto">
    update user
    <set>
      <if test="password != null">
        password=#{password},
      </if>
      <if test="nickname != null">
        nickname=#{nickname}
      </if>
      <if test="profileImgSerialized != null">
            profile_img=#{profileImgSerialized}
      </if>
    </set>
    where uuid = #{uuid}
  </update>

  <delete id="deleteUser" parameterType="String">
    delete
    from user
    where uuid = #{uuid}
  </delete>

  <select id="selectUserById" parameterType="String" resultType="UserDto">
    select uuid, id, nickname, password, join_date, user_type, email, profile_img
    from user
    where id = #{id}
  </select>

  <select id="selectUserByUuid" parameterType="String" resultType="UserDto">
    select uuid, id, nickname, password, join_date, user_type, email, profile_img
    from user
    where uuid = #{uuid}
  </select>

  <select id="selectUserByIdAndEmail" parameterType="ResetPasswordDto" resultType="UserDto">
    select uuid, id, nickname, password, join_date, user_type, email, profile_img
    from user
    where id = #{id} and email = #{email}
  </select>

  <select id="selectUserByEmail" parameterType="String" resultType="UserDto">
    select uuid, id, nickname, password, join_date, user_type, email, profile_img
    from user
    where email = #{email}
  </select>

  <select id="selectAllUserByNickname" parameterType="String" resultType="UserInfoDto">
    select uuid, id, nickname, join_date, user_type, email, profile_img
    from user
    where nickname like '%${nickname}%'
  </select>

  <update id="disableForeignKeyChecks">
    SET FOREIGN_KEY_CHECKS = 0;
  </update>

  <update id="enableForeignKeyChecks">
    SET FOREIGN_KEY_CHECKS = 1;
  </update>

  <select id="selectGroupListByUuid" parameterType="String" resultType="String">
    select group_id
    from travel_group
    where uuid = #{uuid}
  </select>

  <select id="selectGroupMemberList" parameterType="String" resultType="String">
    select uuid
    from travel_group
    where group_id = #{groupid}
  </select>

  <delete id="deleteGroup" parameterType="String">
    delete
    from travel_group
    where group_id = #{groupid}
  </delete>

  <update id="updateGroupLeader" parameterType="map">
    update travel_group
    set group_master=true
    where group_id = #{groupId} and uuid=#{uuid}
  </update>

  <select id="userList" resultType="UserInfoDto">
    select uuid, id, nickname, join_date, user_type, email
    from user
  </select>

  <select id="userIdDupCheck" parameterType="String" resultType="int">
    select count(id)
    from user
    where id = #{id}
  </select>

  <select id="nicknameDupCheck" parameterType="String" resultType="int">
    select count(nickname)
    from user
    where nickname = #{nickname}
  </select>

    <select id="emailDupCheck" parameterType="String" resultType="int">
        select count(email)
        from user
        where email = #{email}
    </select>
</mapper>